item_id,published_at,source_type,source_url,author,text
sec-press-releases-3e35c912c711,2026-03-05T15:30:07Z,regulatory_action,https://www.sec.gov/newsroom/press-releases/2026-25-sec-investor-advisory-committee-host-march-12-meeting,SEC,"SEC Investor Advisory Committee to Host March 12 Meeting The Securities and Exchange Commission’s Investor Advisory Committee will hold a public meeting at the SEC Headquarters in Washington D.C. on March 12 at 10 a.m. ET to discuss public company disclosure reform, fund proxy voting, and a potential…"
sec-press-releases-ad243715ea29,2026-03-11T19:30:00Z,regulatory_action,https://www.sec.gov/newsroom/press-releases/2026-26-sec-cftc-announce-historic-memorandum-understanding-between-agencies,SEC,"SEC and CFTC Announce Historic Memorandum of Understanding Between Agencies The two agencies have entered into a MOU to guide coordination and collaboration to support lawful innovation, uphold market integrity, and ensure investor and customer protection."
sec-press-releases-4685af19e1ae,2026-03-16T18:09:04Z,regulatory_action,https://www.sec.gov/newsroom/press-releases/2026-27-sec-announces-enforcement-division-director-judge-margaret-ryan-has-resigned-agency,SEC,"SEC Announces Enforcement Division Director Judge Margaret A. Ryan Has Resigned From Agency The Securities and Exchange Commission today announced that Judge Margaret A. Ryan has resigned from her role as Director of the Division of Enforcement. Principal Deputy Director Sam Waldon has been named Acting Director of the Division, effective March…"
sec-press-releases-05985863d73c,2026-03-16T19:15:00Z,regulatory_action,https://www.sec.gov/newsroom/press-releases/2026-28-sec-proposes-amendments-exchange-act-rule-15c2-11,SEC,"SEC Proposes Amendments to Exchange Act Rule 15c2-11 The Securities and Exchange Commission today proposed amendments to Exchange Act Rule 15c2-11, which sets out certain information gathering and review requirements for broker-dealers that publish quotations for, or maintain a continuous quoted market in…"
sec-press-releases-78bff516775f,2026-03-17T19:13:00Z,regulatory_action,https://www.sec.gov/newsroom/press-releases/2026-29-sec-publishes-data-public-private-offerings-municipal-advisors-transfer-agents-securities-based-swap,SEC,"SEC Publishes Data on Public and Private Offerings, Municipal Advisors, Transfer Agents, and Securities-Based Swap Dealers The Securities and Exchange Commission’s Division of Economic and Risk Analysis (DERA) published a new report on security based swap dealers (SBSDs) and updated statistics and data visualizations on initial public offerings (IPOs), follow-on registered…"
sec-press-releases-9172d2b5f594,2026-03-17T19:45:25Z,regulatory_action,https://www.sec.gov/newsroom/press-releases/2026-30-sec-clarifies-application-federal-securities-laws-crypto-assets,SEC,SEC Clarifies the Application of Federal Securities Laws to Crypto Assets The Securities and Exchange Commission (SEC) today issued an interpretation clarifying how the federal securities laws apply to certain crypto assets and transactions involving crypto assets. This is a major step in the Commission’s efforts to provide…
sec-press-releases-0f4ceddc94e8,2026-03-27T20:04:54Z,regulatory_action,https://www.sec.gov/newsroom/press-releases/2026-31-sec-approves-amendment-nms-plan-further-reduce-costs-consolidated-audit-trail,SEC,SEC Approves Amendment to NMS Plan to Further Reduce the Costs of the Consolidated Audit Trail The Securities and Exchange Commission today approved an amendment to the National Market System Plan governing the Consolidated Audit Trail (“CAT”) and provided exemptive relief from certain requirements of Rule 17a-1 under the Securities Exchange Act…
sec-press-releases-7e951b4b05ba,2026-03-31T13:52:09Z,regulatory_action,https://www.sec.gov/newsroom/press-releases/2026-32-sec-highlights-financial-independence-during-financial-literacy-month,SEC,SEC Highlights Financial Independence During Financial Literacy Month The Securities and Exchange Commission’s Office of Investor Education and Assistance (OIEA) today announced that as part of April’s National Financial Literacy Month it will highlight financial planning tools and resources on Investor.gov to…
sec-press-releases-d5d42b94da5b,2026-04-02T20:44:29Z,regulatory_action,https://www.sec.gov/newsroom/press-releases/2026-33-sec-announces-agenda-panelists-roundtable-options-market-structure,SEC,"SEC Announces Agenda and Panelists for Roundtable on Options Market Structure The Securities and Exchange Commission today announced the agenda and panelists for its April 16, 2026, roundtable on options market structure.The roundtable will be held at the SEC’s headquarters at 100 F Street, N.E., Washington, D.C., from 9 a.m. to 3…"
sec-press-releases-a5554d960fe7,2026-04-07T19:48:30Z,regulatory_action,https://www.sec.gov/newsroom/press-releases/2026-34,SEC,"SEC Announces Enforcement Results for Fiscal Year 2025 The Securities and Exchange Commission today announced enforcement results for the fiscal year that ended on September 30, 2025.Central to an effective enforcement program is determining which cases to bring and responsibly stewarding Commission…"
sec-press-releases-9e3564db4038,2026-04-08T16:20:00Z,regulatory_action,https://www.sec.gov/newsroom/press-releases/2026-35-sec-appoints-david-woodcock-director-division-enforcement,SEC,"SEC Appoints David Woodcock as Director of the Division of Enforcement The Securities and Exchange Commission today announced that David Woodcock has been appointed Director of the Division of Enforcement, effective May 4, 2026. Mr. Woodcock is currently a partner in the Dallas and Washington, D.C. offices of Gibson, Dunn…"
federal-reserve-speeches-testimony-abfccbdde8ef,2026-04-14T16:45:00Z,official_remarks,https://www.federalreserve.gov/newsevents/speech/barr20260414a.htm,Federal Reserve,"Barr, Rural Communities: Worth the Investment Speech At Strengthening America’s Economy through Rural Investment: A Working Forum, Washington, D.C."
sec-press-releases-3520057c8eae,2026-04-15T19:45:51Z,regulatory_action,https://www.sec.gov/newsroom/press-releases/2026-36-sec-approves-exemptive-order-proposed-rule-change-permit-customer-cross-margining-us-treasury-market,SEC,SEC Approves Exemptive Order and Proposed Rule Change to Permit Customer Cross-Margining in the U.S. Treasury Market The Securities and Exchange Commission today issued a conditional exemptive order that permits customer cross-margining of cash market positions in U.S. Treasury securities cleared by a registered clearing agency and futures positions in U.S. Treasury…
sec-press-releases-3845acc4d568,2026-04-16T13:55:00Z,regulatory_action,https://www.sec.gov/newsroom/press-releases/2026-37-sec-seeks-public-comment-consolidated-audit-trail-other-audit-trails-data-sources,SEC,SEC Seeks Public Comment on the Consolidated Audit Trail and Other Audit Trails and Data Sources The Securities and Exchange Commission today issued a concept release soliciting public comment in support of a comprehensive review of the Consolidated Audit Trail (CAT) and other audit trails and related data sources currently used in the regulation of…
sec-press-releases-f4b78f87c381,2026-04-16T15:45:04Z,regulatory_action,https://www.sec.gov/newsroom/press-releases/2026-38-sec-small-business-advisory-committee-explore-ways-encourage-more-ipos,SEC,"SEC Small Business Advisory Committee to Explore Ways to Encourage More IPOs The Securities and Exchange Commission’s Small Business Capital Formation Advisory Committee announced that it will hold a meeting on Tuesday, April 28, 2026 at 10:00 a.m. to explore ways to encourage more companies to go public.The meeting will be open…"
sec-press-releases-a86c87686545,2026-04-16T17:02:47Z,regulatory_action,https://www.sec.gov/newsroom/press-releases/2026-39-chairman-atkins-launches-material-matters-podcast,SEC,"Chairman Atkins Launches 'Material Matters' Podcast The Securities and Exchange Commission today announced the launch of Material Matters With SEC Chairman Paul Atkins, a new podcast that provides stakeholders and the investing public with exclusive interviews and insights around the agency’s policy and…"
federal-reserve-speeches-testimony-ef8dadce3291,2026-04-17T18:00:00Z,official_remarks,https://www.federalreserve.gov/newsevents/speech/waller20260417a.htm,Federal Reserve,"Waller, One Transitory Shock After Another Speech At the David Kaserman Memorial Lecture, Department of Economics, Auburn University, Auburn, Alabama"
whitehouse-presidential-actions-9d6e0baf8866,2026-04-18T14:07:18Z,official_remarks,https://www.whitehouse.gov/presidential-actions/2026/04/accelerating-medical-treatments-for-serious-mental-illness/,White House,"Accelerating Medical Treatments for Serious Mental Illness By the authority vested in me as President by the Constitution and the laws of the United States of America, it is hereby ordered: Section 1. Purpose and Policy. Policymakers and the medical field have long struggled to address the burden of suicide and serious mental illness rates in America. Today, over 14 million American […] The post Accelerating Medical Treatments for Serious Mental Illness appeared first on The White House ."
sec-press-releases-fc25065cf741,2026-04-20T14:45:00Z,regulatory_action,https://www.sec.gov/newsroom/press-releases/2026-40-sec-cftc-jointly-propose-amendments-reduce-private-fund-reporting-burdens,SEC,SEC and CFTC Jointly Propose Amendments to Reduce Private Fund Reporting Burdens The Securities and Exchange Commission (SEC) and the Commodity Futures Trading Commission (CFTC) jointly proposed amendments to reduce private fund reporting burdens while enabling the continued collection of necessary and appropriate information. The…
whitehouse-presidential-actions-7e9432198442,2026-04-20T20:13:36Z,official_remarks,https://www.whitehouse.gov/presidential-actions/2026/04/presidential-determination-concerning-the-air-forces-jet-fighter-training-operations-in-idaho-oregon-and-nevada/,White House,"Presidential Determination Concerning the Air Force’s Jet Fighter Training Operations in Idaho, Oregon, and Nevada MEMORANDUM FOR THE ADMINISTRATOR OF THE ENVIRONMENTAL PROTECTION AGENCY THE SECRETARY OF THE AIR FORCE SUBJECT: Presidential Determination Concerning the Air Force’s Jet Fighter Training Operations in Idaho, Oregon, and Nevada By the authority vested in me as President by the Constitution and the laws of the United States of America, including section 313 […] The post Presidential Determination Concerning the Air Force’s Jet Fighter Training Operations in Idaho, Oregon, and Nevada appeared first on The White House ."
whitehouse-presidential-actions-1474d6bff354,2026-04-20T20:14:13Z,official_remarks,https://www.whitehouse.gov/presidential-actions/2026/04/presidential-determination-pursuant-to-section-303-of-the-defense-production-act-of-1950-as-amended-on-domestic-petroleum-production-refining-and-logistics-capacity/,White House,"Presidential Determination Pursuant to Section 303 of the Defense Production Act of 1950, as Amended, on Domestic Petroleum Production, Refining, and Logistics Capacity MEMORANDUM FOR THE SECRETARY OF ENERGY SUBJECT: Presidential Determination Pursuant to Section 303 of the Defense Production Act of 1950, as Amended, on Domestic Petroleum Production, Refining, and Logistics Capacity On January 20, 2025, I issued Executive Order 14156 (Declaring a National Energy Emergency), under the National Emergencies Act.  That order found that America’s inadequate energy […] The post Presidential Determination Pursuant to Section 303 of the Defense Production Act of 1950, as Amended, on Domestic Petroleum Production, Refining, and Logistics Capacity appeared first on The White House ."
whitehouse-presidential-actions-540444962334,2026-04-20T20:15:57Z,official_remarks,https://www.whitehouse.gov/presidential-actions/2026/04/presidential-determination-pursuant-to-section-303-of-the-defense-production-act-of-1950-as-amended-on-coal-supply-chains-and-baseload-power-generation-capacity/,White House,"Presidential Determination Pursuant to Section 303 of the Defense Production Act of 1950, as Amended, on Coal Supply Chains and Baseload Power Generation Capacity MEMORANDUM FOR THE SECRETARY OF ENERGY SUBJECT:       Presidential Determination Pursuant to Section 303 of the Defense Production Act of 1950, as Amended, on Coal Supply Chains and Baseload Power Generation Capacity On January 20, 2025, I issued Executive Order 14156 (Declaring a National Energy Emergency), under the National Emergencies Act.  That order found that America’s inadequate […] The post Presidential Determination Pursuant to Section 303 of the Defense Production Act of 1950, as Amended, on Coal Supply Chains and Baseload Power Generation Capacity appeared first on The White House ."
whitehouse-presidential-actions-e2833ccd296f,2026-04-20T20:18:11Z,official_remarks,https://www.whitehouse.gov/presidential-actions/2026/04/presidential-determination-pursuant-to-section-303-of-the-defense-production-act-of-1950-as-amended-on-natural-gas-transmission-processing-storage-and-liquefied-natural-gas-capacity/,White House,"Presidential Determination Pursuant to Section 303 of the Defense Production Act of 1950, as Amended, on Natural Gas Transmission, Processing, Storage, and Liquefied Natural Gas Capacity MEMORANDUM FOR THE SECRETARY OF ENERGY SUBJECT: Presidential Determination Pursuant to Section 303 of the Defense Production Act of 1950, as Amended, on Natural Gas Transmission, Processing, Storage, and Liquefied Natural Gas Capacity On January 20, 2025, I issued Executive Order 14156 (Declaring a National Energy Emergency), under the National Emergencies Act.  That order found that hostile foreign […] The post Presidential Determination Pursuant to Section 303 of the Defense Production Act of 1950, as Amended, on Natural Gas Transmission, Processing, Storage, and Liquefied Natural Gas Capacity appeared first on The White House ."
whitehouse-presidential-actions-37dd5c3e94fa,2026-04-20T20:18:42Z,official_remarks,https://www.whitehouse.gov/presidential-actions/2026/04/presidential-determination-pursuant-to-section-303-of-the-defense-production-act-of-1950-as-amended-on-development-manufacturing-and-deployment-of-large-scale-energy-and-energy-related-inf/,White House,"Presidential Determination Pursuant to Section 303 of the Defense Production Act of 1950, as Amended, on Development, Manufacturing, and Deployment of Large-Scale Energy and Energy‑Related Infrastructure MEMORANDUM FOR THE SECRETARY OF ENERGY SUBJECT: Presidential Determination Pursuant to Section 303 of the Defense Production Act of 1950, as Amended, on Development, Manufacturing, and Deployment of Large-Scale Energy and Energy‑Related Infrastructure On January 20, 2025, I issued Executive Order 14156 (Declaring a National Energy Emergency), under the National Emergencies Act. That order found that […] The post Presidential Determination Pursuant to Section 303 of the Defense Production Act of 1950, as Amended, on Development, Manufacturing, and Deployment of Large-Scale Energy and Energy‑Related Infrastructure appeared first on The White House ."
whitehouse-presidential-actions-631aa78b5285,2026-04-20T20:25:21Z,official_remarks,https://www.whitehouse.gov/presidential-actions/2026/04/presidential-determination-pursuant-to-section-303-of-the-defense-production-act-of-1950-as-amended-on-grid-infrastructure-equipment-and-supply-chain-capacity/,White House,"Presidential Determination Pursuant to Section 303 of the Defense Production Act of 1950, as Amended, on Grid Infrastructure, Equipment, and Supply Chain Capacity MEMORANDUM FOR THE SECRETARY OF ENERGY SUBJECT:       Presidential Determination Pursuant to Section 303 of the Defense Production Act of 1950, as Amended, on Grid Infrastructure, Equipment, and Supply Chain Capacity On January 20, 2025, I issued Executive Order 14156 (Declaring a National Energy Emergency), under the National Emergencies Act.  That order found that America’s inadequate energy production, […] The post Presidential Determination Pursuant to Section 303 of the Defense Production Act of 1950, as Amended, on Grid Infrastructure, Equipment, and Supply Chain Capacity appeared first on The White House ."
federal-reserve-speeches-testimony-a7bbc09fbf9c,2026-04-21T18:30:00Z,official_remarks,https://www.federalreserve.gov/newsevents/speech/waller20260421a.htm,Federal Reserve,"Waller, Modernizing Federal Reserve Operations in the 21st Century Speech At The Brookings Institution, Washington, D.C."
whitehouse-presidential-actions-ee9bb71095a6,2026-04-21T18:49:23Z,official_remarks,https://www.whitehouse.gov/presidential-actions/2026/04/nominations-sent-to-the-senate-633f/,White House,"Nominations Sent to the Senate NOMINATIONS SENT TO THE SENATE: Riley Barnes, of Texas, to be Director of the Peace Corps. Rudolph Bauer, of South Carolina, to be Ambassador Extraordinary and Plenipotentiary of the United States of America to Belize. Don Richard Berthiaume, Jr., of Virginia, to be Inspector General, Department of Justice. Sean Costello, of Alabama, to be United […] The post Nominations Sent to the Senate appeared first on The White House ."
federal-reserve-press-releases-3fb1f959f055,2026-04-24T20:00:00Z,government_policy,https://www.federalreserve.gov/newsevents/pressreleases/orders20260424b.htm,Federal Reserve,Federal Reserve Board announces approval of application by Banco de Credito del Peru Federal Reserve Board announces approval of application by Banco de Credito del Peru
federal-reserve-press-releases-512462b8832f,2026-04-24T20:00:00Z,government_policy,https://www.federalreserve.gov/newsevents/pressreleases/orders20260424a.htm,Federal Reserve,Federal Reserve Board announces approval of application by OceanFirst Financial Corp. Federal Reserve Board announces approval of application by OceanFirst Financial Corp.
whitehouse-presidential-actions-e053f39c358a,2026-04-27T20:35:53Z,official_remarks,https://www.whitehouse.gov/presidential-actions/2026/04/nominations-and-withdrawals-sent-to-the-senate-d935/,White House,"Nominations and Withdrawals Sent to the Senate NOMINATIONS SENT TO THE SENATE: David Brat, of Virginia, to be Ambassador Extraordinary and Plenipotentiary of the United States of America to the Commonwealth of Australia. Hal Duncan, of Texas, to be Deputy Director of the Office of Management and Budget. Sean Kaufman, of Georgia, to be Assistant Secretary for Preparedness and Response, Department of […] The post Nominations and Withdrawals Sent to the Senate appeared first on The White House ."
sec-speeches-statements-4c6030436e67,2026-04-28T14:29:42Z,regulatory_action,https://www.sec.gov/newsroom/speeches-statements/peirce-remarks-sbcfac-042826,SEC,Getting All Your Ducks in a Row to IPO: Remarks at the Small Business Capital Formation Advisory Committee Meeting Commissioner Hester M. Peirce
sec-speeches-statements-6caafcde81a5,2026-04-28T14:30:05Z,regulatory_action,https://www.sec.gov/newsroom/speeches-statements/atkins-042826-remarks-small-business-capital-formation-advisory-committee-meeting,SEC,Remarks at the Small Business Capital Formation Advisory Committee Meeting
federal-reserve-press-releases-4c48c3dd8f77,2026-04-29T18:00:00Z,government_policy,https://www.federalreserve.gov/newsevents/pressreleases/monetary20260429a.htm,Federal Reserve,Federal Reserve issues FOMC statement Federal Reserve issues FOMC statement
whitehouse-presidential-actions-17edcbcc9374,2026-04-30T20:02:00Z,official_remarks,https://www.whitehouse.gov/presidential-actions/2026/04/promoting-efficiency-accountability-and-performance-in-federal-contracting/,White House,"Promoting Efficiency, Accountability, and Performance in Federal Contracting By the authority vested in me as President by the Constitution and the laws of the United States of America, it is hereby ordered: Section 1. Purpose. The American people expect their Government to operate with integrity, efficiency, and transparency. For too long, Federal procurement has tolerated unpredictable costs, bloated overhead, and weak performance incentives. […] The post Promoting Efficiency, Accountability, and Performance in Federal Contracting appeared first on The White House ."
whitehouse-presidential-actions-ad064ab4a774,2026-04-30T20:02:23Z,official_remarks,https://www.whitehouse.gov/presidential-actions/2026/04/promoting-retirement-savings-access-for-american-workers-by-establishing-trumpira-gov/,White House,"Promoting Retirement-Savings Access for American Workers by Establishing TrumpIRA.gov By the authority vested in me as President by the Constitution and the laws of the United States of America, and to ensure that every American worker has access to a simple, portable, low-cost retirement-savings option, it is hereby ordered: Section 1. Policy. Tens of millions of Americans lack access to employer-sponsored retirement plans. Workers […] The post Promoting Retirement-Savings Access for American Workers by Establishing TrumpIRA.gov appeared first on The White House ."
whitehouse-presidential-actions-5a6ee4c4953d,2026-04-30T20:06:03Z,official_remarks,https://www.whitehouse.gov/presidential-actions/2026/04/national-foster-care-month-2026/,White House,"National Foster Care Month, 2026 BY THE PRESIDENT OF THE UNITED STATES OF AMERICA A PROCLAMATION Across our Nation, hundreds of thousands of American children depend upon the foster care system to shelter them, nurture them, and prepare them for lives of purpose and promise.  This National Foster Care Month, the First Lady and I join with countless Americans in […] The post National Foster Care Month, 2026 appeared first on The White House ."
whitehouse-presidential-actions-d757752d4eb3,2026-04-30T20:08:37Z,official_remarks,https://www.whitehouse.gov/presidential-actions/2026/04/national-fallen-firefighters-memorial-weekend-2026/,White House,"National Fallen Firefighters Memorial Weekend, 2026 BY THE PRESIDENT OF THE UNITED STATES OF AMERICA A PROCLAMATION This National Fallen Firefighters Memorial Weekend, our Nation honors the brave volunteer and career firefighters who have sacrificed their lives in the line of duty — with special reverence for those we have lost over the past year — whose courage and devotion to […] The post National Fallen Firefighters Memorial Weekend, 2026 appeared first on The White House ."
whitehouse-presidential-actions-09a9c6a65ee1,2026-04-30T20:08:48Z,official_remarks,https://www.whitehouse.gov/presidential-actions/2026/04/presidential-permit-authorizing-bridger-pipeline-expansion-llc-to-construct-connect-operate-and-maintain-pipeline-facilities-at-the-international-boundary-at-phillips-county-montana-between-the/,White House,"Presidential Permit: Authorizing Bridger Pipeline Expansion LLC to Construct, Connect, Operate, and Maintain Pipeline Facilities at the International Boundary at Phillips County, Montana, Between the United States and Canada By virtue of the authority vested in me as President of the United States of America (the “President”), I hereby grant this Presidential permit, subject to the conditions herein set forth to Bridger Pipeline Expansion LLC (the “permittee”).  The permittee is a privately held limited liability company organized under the laws of the State of […] The post Presidential Permit: Authorizing Bridger Pipeline Expansion LLC to Construct, Connect, Operate, and Maintain Pipeline Facilities at the International Boundary at Phillips County, Montana, Between the United States and Canada appeared first on The White House ."
sec-press-releases-54b669849f9b,2026-04-30T20:30:36Z,regulatory_action,https://www.sec.gov/newsroom/press-releases/2026-41-deputy-director-enforcement-jason-burt-conclude-his-tenure-sec,SEC,"Deputy Director of Enforcement Jason Burt to Conclude His Tenure at the SEC The Securities and Exchange Commission today announced that Jason Burt, Deputy Director of the Division of Enforcement (Specialized Units), will depart the agency on May 1, 2026, after more than 22 years of public service.“Jason’s exceptional leadership…"
federal-reserve-press-releases-1a3eae9cddb4,2026-05-01T15:00:00Z,government_policy,https://www.federalreserve.gov/newsevents/pressreleases/bcreg20260501a.htm,Federal Reserve,Agencies issue host state loan-to-deposit ratios Agencies issue host state loan-to-deposit ratios
whitehouse-presidential-actions-0a18785700c7,2026-05-01T17:22:39Z,official_remarks,https://www.whitehouse.gov/presidential-actions/2026/05/imposing-sanctions-on-those-responsible-for-repression-in-cuba-and-for-threats-to-united-states-national-security-and-foreign-policy/,White House,"Imposing Sanctions on Those Responsible for Repression in Cuba and for Threats to United States National Security and Foreign Policy By the authority vested in me as President by the Constitution and the laws of the United States of America, including the International Emergency Economic Powers Act (50 U.S.C. 1701 et seq.) (IEEPA), the National Emergencies Act (50 U.S.C. 1601 et seq.) (NEA), section 212(f) of the Immigration and Nationality Act of 1952 (8 U.S.C. 1182(f)), and section […] The post Imposing Sanctions on Those Responsible for Repression in Cuba and for Threats to United States National Security and Foreign Policy appeared first on The White House ."
federal-reserve-speeches-testimony-8a5b4da60050,2026-05-01T18:00:00Z,official_remarks,https://www.federalreserve.gov/newsevents/speech/bowman20260501a.htm,Federal Reserve,"Bowman, Artificial Intelligence in the Financial System Speech At the Financial Stability Oversight Council Artificial Intelligence Series Roundtable on Cybersecurity and Risk Management, Washington, D.C."
sec-speeches-statements-ade22127682e,2026-05-04T12:00:00Z,regulatory_action,https://www.sec.gov/newsroom/speeches-statements/im-staff-statement-pooled-employer-plans-050426,SEC,Staff Statement Regarding Pooled Employer Plans Division of Investment Management
whitehouse-presidential-actions-717c92e9f901,2026-05-04T23:06:14Z,official_remarks,https://www.whitehouse.gov/presidential-actions/2026/05/jewish-american-heritage-month-2026/,White House,"Jewish American Heritage Month, 2026 BY THE PRESIDENT OF THE UNITED STATES OF AMERICA A PROCLAMATION This Jewish American Heritage Month, we honor the countless contributions of Jewish Americans throughout our Nation’s 250 glorious years of independence, and we celebrate their unwavering commitment to the values that make our country great — faith, family, and freedom. In his letter to the Hebrew […] The post Jewish American Heritage Month, 2026 appeared first on The White House ."
federal-reserve-speeches-testimony-bc6eedd1878a,2026-05-05T14:00:00Z,official_remarks,https://www.federalreserve.gov/newsevents/speech/bowman20260505a.htm,Federal Reserve,"Bowman, A Coordinated Approach to Consumer Fraud Protection Speech At the 2026 Women in Housing and Finance Symposium, Washington, D.C."
sec-speeches-statements-072a97ef541b,2026-05-05T14:43:46Z,regulatory_action,https://www.sec.gov/newsroom/speeches-statements/uyeda-statement-proposing-semiannual-reporting-050526,SEC,Statement on Proposing Semiannual Reporting Commissioner Mark T. Uyeda
sec-speeches-statements-c17cf93c095f,2026-05-05T15:34:42Z,regulatory_action,https://www.sec.gov/newsroom/speeches-statements/peirce-statement-proposing-semiannual-reporting-050526,SEC,Quarterly Questions: Statement on the Proposed Amendments to Allow Semiannual Reporting Commissioner Hester M. Peirce
sec-speeches-statements-f1b9feebb643,2026-05-05T15:35:31Z,regulatory_action,https://www.sec.gov/newsroom/speeches-statements/atkins-statement-proposing-release-semiannual-reporting-050526,SEC,Statement on Proposing Release for Semiannual Reporting SEC Chairman Paul S. Atkins
sec-press-releases-3f8da6726450,2026-05-05T15:54:00Z,regulatory_action,https://www.sec.gov/newsroom/press-releases/2026-42-sec-proposes-amendments-permit-optional-semiannual-reporting-public-companies,SEC,SEC Proposes Amendments to Permit Optional Semiannual Reporting by Public Companies The Securities and Exchange Commission today proposed rule and form amendments that would give public companies the option of filing semiannual reports in lieu of quarterly reports to meet their interim reporting obligations under the federal securities…
whitehouse-presidential-actions-653eb4a8ee29,2026-05-05T16:52:13Z,official_remarks,https://www.whitehouse.gov/presidential-actions/2026/05/national-physical-fitness-and-sports-month-2026/,White House,"National Physical Fitness and Sports Month, 2026 BY THE PRESIDENT OF THE UNITED STATES OF AMERICA A PROCLAMATION This National Physical Fitness and Sports Month, we celebrate the strength, discipline, and competitive spirit that reflect the American people.  We recognize the values and lessons that sports and fitness instill.  Above all, we reaffirm our commitment to promoting healthy lifestyles, expanding access to […] The post National Physical Fitness and Sports Month, 2026 appeared first on The White House ."
sec-speeches-statements-596d37d6fc22,2026-05-05T19:15:03Z,regulatory_action,https://www.sec.gov/newsroom/speeches-statements/selway-options-industry-conference-050526-fixing-failures-communicate,SEC,"Fixing Failures to Communicate Jamie Selway, Director, Division of Trading and Markets"
sec-press-releases-ee88ac42060d,2026-05-05T20:23:55Z,regulatory_action,https://www.sec.gov/newsroom/press-releases/2026-43-sec-divisions-investment-management-corporation-finance-issue-staff-guidance-supporting-retirement,SEC,"SEC Divisions of Investment Management and Corporation Finance Issue Staff Guidance Supporting Retirement Plans for Small Businesses Staff in the Securities and Exchange Commission’s Divisions of Investment Management and Corporation Finance issued guidance addressing certain questions regarding the application of the federal securities laws to pooled employer plans (PEPs), which help…"
sec-speeches-statements-a9b9a08c2a45,2026-05-05T21:04:42Z,regulatory_action,https://www.sec.gov/newsroom/speeches-statements/atkins-statement-facilitating-access-trump-accounts-050526,SEC,"Facilitating Access to Trump Accounts Paul S. Atkins, Chairman"
sec-press-releases-c4e9682a345e,2026-05-06T23:24:19Z,regulatory_action,https://www.sec.gov/newsroom/press-releases/2026-44-sec-charges-21-individuals-alleged-wide-reaching-insider-trading-scheme,SEC,SEC Charges 21 Individuals With Alleged Wide-Reaching Insider Trading Scheme The Securities and Exchange Commission today charged 21 individuals for their alleged involvement in a decade-long insider trading scheme that used information misappropriated from multiple global law firms and resulted in millions of dollars in illicit…
sec-speeches-statements-86b4c2476c0c,2026-05-07T17:22:34Z,regulatory_action,https://www.sec.gov/newsroom/speeches-statements/uyeda-remarks-conference-financial-market-regulation-050726,SEC,Remarks at the 13th Annual Conference on Financial Market Regulation Commissioner Mark T. Uyeda
whitehouse-presidential-actions-ce042666104d,2026-05-07T20:58:45Z,official_remarks,https://www.whitehouse.gov/presidential-actions/2026/05/victory-day-for-world-war-ii-2026/,White House,"Victory Day for World War II, 2026 BY THE PRESIDENT OF THE UNITED STATES OF AMERICA A PROCLAMATION As we celebrate Victory Day for World War II –- we celebrate America’s monumental triumph over tyranny and evil in Europe, led by the might of our Armed Forces and those of our Allies.  On May 8, 1945, the iron grip of Nazi Germany […] The post Victory Day for World War II, 2026 appeared first on The White House ."
whitehouse-presidential-actions-55017a5e061c,2026-05-07T20:59:39Z,official_remarks,https://www.whitehouse.gov/presidential-actions/2026/05/military-spouse-day-2026/,White House,"Military Spouse Day, 2026 BY THE PRESIDENT OF THE UNITED STATES OF AMERICA A PROCLAMATION As we celebrate 250 glorious years of American freedom, we are reminded that this tremendous milestone is only possible thanks to our Armed Forces who, since the dawn of our Republic, pledged to defend our freedom no matter the cost. Generation after generation, the […] The post Military Spouse Day, 2026 appeared first on The White House ."
federal-reserve-speeches-testimony-d9e5a65f228b,2026-05-08T09:45:00Z,official_remarks,https://www.federalreserve.gov/newsevents/speech/cook20260508a.htm,Federal Reserve,"Cook, Perspectives on Tokenization and Implications for the Financial System Speech At the Central Bank of West African States (BCEAO) Conference on Digital Assets, Dakar, Senegal"
sec-speeches-statements-ba5ab4d7c05f,2026-05-08T15:06:11Z,regulatory_action,https://www.sec.gov/newsroom/speeches-statements/atkins-remarks-scsp-ai-expo-050826,SEC,"Remarks at the Special Competitive Studies Project AI+ Expo Paul S. Atkins, Chairman"
sec-speeches-statements-b0765906ebe1,2026-05-08T16:31:38Z,regulatory_action,https://www.sec.gov/newsroom/speeches-statements/peirce-statement-dera-cfmr-2026-remarks-05-08-2026-dad-jokes-remarks-13th-annual-conference-financial-markets-regulation,SEC,Dad Jokes: Remarks at the 13th Annual Conference on Financial Markets Regulation Commissioner Hester M. Peirce
sec-speeches-statements-a6f3145cbff1,2026-05-08T16:47:04Z,regulatory_action,https://www.sec.gov/newsroom/speeches-statements/atkins-remarks-conference-financial-market-regulation-050826,SEC,Remarks at the Conference on Financial Market Regulation
federal-reserve-press-releases-acea6b5a17da,2026-05-08T21:00:00Z,government_policy,https://www.federalreserve.gov/newsevents/pressreleases/orders20260508a.htm,Federal Reserve,"Federal Reserve Board announces approval of related applications by Columbia Bank MHC, and Columbia Financial, Inc. Federal Reserve Board announces approval of related applications by Columbia Bank MHC, and Columbia Financial, Inc."
federal-reserve-speeches-testimony-70bbb5ad4170,2026-05-08T23:30:00Z,official_remarks,https://www.federalreserve.gov/newsevents/speech/bowman20260508a.htm,Federal Reserve,"Bowman, When Regulation Reshapes Markets: The Migration of Corporate Lending Speech At the Hoover Institution Annual Monetary Policy Conference, Stanford, California"
federal-reserve-speeches-testimony-bca135eb646c,2026-05-08T23:30:00Z,official_remarks,https://www.federalreserve.gov/newsevents/speech/waller20260508a.htm,Federal Reserve,"Waller, Update On Federal Reserve Bank Operations Speech At the Hoover Institution Annual Monetary Policy Conference, Stanford, California"
whitehouse-presidential-actions-0bc1328c07b7,2026-05-11T19:16:33Z,official_remarks,https://www.whitehouse.gov/presidential-actions/2026/05/nominations-and-withdrawal-sent-to-the-senate-c6ad/,White House,"Nominations and Withdrawal Sent to the Senate NOMINATIONS SENT TO THE SENATE: Francis Brooke, of Virginia, to be Deputy Secretary of the Treasury. Cameron Hamilton, of Virginia, to be Administrator of the Federal Emergency Management Agency, Department of Homeland Security. Brendan Hanrahan, of New York, to be an Assistant Secretary of State (European and Eurasian Affairs). Karen Jean Hedlund, of New York, […] The post Nominations and Withdrawal Sent to the Senate appeared first on The White House ."
whitehouse-presidential-actions-771ddf921598,2026-05-11T20:42:27Z,official_remarks,https://www.whitehouse.gov/presidential-actions/2026/05/peace-officers-memorial-day-and-police-week-2026/,White House,"Peace Officers Memorial Day and Police Week, 2026 BY THE PRESIDENT OF THE UNITED STATES OF AMERICA A PROCLAMATION On this Peace Officers Memorial Day, observed during our Nation’s time-honored Police Week, we pay tribute to the men and women of law enforcement who have devoted their lives to safeguarding our families and communities.  Our grateful country joins them in honoring the memory […] The post Peace Officers Memorial Day and Police Week, 2026 appeared first on The White House ."
federal-reserve-press-releases-4e0cea7b9980,2026-05-12T15:00:00Z,government_policy,https://www.federalreserve.gov/newsevents/pressreleases/enforcement20260512a.htm,Federal Reserve,"Federal Reserve Board announces termination of enforcement actions with F & M Holding Company, Inc. and Thread Bancorp, Inc. Federal Reserve Board announces termination of enforcement actions with F & M Holding Company, Inc. and Thread Bancorp, Inc."
whitehouse-presidential-actions-6b0fd6710e34,2026-05-12T19:21:49Z,official_remarks,https://www.whitehouse.gov/presidential-actions/2026/05/nominations-sent-to-the-senate-3857/,White House,"Nominations Sent to the Senate NOMINATIONS SENT TO THE SENATE: Angela Veronica Colmenero, of Texas, to be United States District Judge for the Southern District of Texas, Lee H. Rosenthal, retired. Daniel Desmond Domenico, of Colorado, to be United States Circuit Judge for the Tenth Circuit. Michael C. Martin, of Michigan, to be United States District Judge for the Eastern […] The post Nominations Sent to the Senate appeared first on The White House ."
sec-speeches-statements-b65a5a6ad8cc,2026-05-13T13:20:46Z,regulatory_action,https://www.sec.gov/newsroom/speeches-statements/woodcock-remarks-mfa-legal-compliance-2026-conference-051326,SEC,Remarks at the MFA Legal & Compliance 2026 Conference
federal-reserve-press-releases-d5554029f4cc,2026-05-13T15:30:00Z,government_policy,https://www.federalreserve.gov/newsevents/pressreleases/other20260513a.htm,Federal Reserve,Federal Reserve Board issues Economic Well-Being of U.S. Households in 2025 report Federal Reserve Board issues Economic Well-Being of U.S. Households in 2025 report
federal-reserve-press-releases-0546e1630cb6,2026-05-14T14:00:00Z,government_policy,https://www.federalreserve.gov/newsevents/pressreleases/other20260514a.htm,Federal Reserve,Federal Reserve Board releases results from two surveys of senior financial officers at banks about their views on discount window operating days and their strategies and practices for managing reserve balances Federal Reserve Board releases results from two surveys of senior financial officers at banks about their views on discount window operating days and their strategies and practices for managing reserve balances
federal-reserve-speeches-testimony-e25bda97bbfd,2026-05-14T17:00:00Z,official_remarks,https://www.federalreserve.gov/newsevents/speech/bowman20260514a.htm,Federal Reserve,"Bowman, Opening Remarks Speech At the Federal Reserve Bank of Kansas City 2026 Future of Banking Conference: Powering Progress, Protecting Trust, Kansas City, Missouri (via pre-recorded video)"
federal-reserve-press-releases-f86a1c69777b,2026-05-14T18:00:00Z,government_policy,https://www.federalreserve.gov/newsevents/pressreleases/other20260514b.htm,Federal Reserve,"Stephen I. Miran submits his resignation as a member of the Federal Reserve Board, effective when or shortly before his successor on the Board is sworn in Stephen I. Miran submits his resignation as a member of the Federal Reserve Board, effective when or shortly before his successor on the Board is sworn in"
federal-reserve-speeches-testimony-592f75ba4a5b,2026-05-14T23:00:00Z,official_remarks,https://www.federalreserve.gov/newsevents/speech/barr20260514a.htm,Federal Reserve,"Barr, Efficient and Effective Central Banking: Beyond the Balance Sheet Speech At the Money Marketeers of New York University, New York, New York"
federal-reserve-press-releases-9ad7e9acd6fe,2026-05-15T15:00:00Z,government_policy,https://www.federalreserve.gov/newsevents/pressreleases/enforcement20260515a.htm,Federal Reserve,"Federal Reserve Board announces termination of enforcement actions with UBS Group AG, Credit Suisse AG, Credit Suisse Holdings (USA), Inc., and Credit Suisse AG, New York Branch Federal Reserve Board announces termination of enforcement actions with UBS Group AG, Credit Suisse AG, Credit Suisse Holdings (USA), Inc., and Credit Suisse AG, New York Branch"
federal-reserve-press-releases-bba49de4efef,2026-05-15T20:30:00Z,government_policy,https://www.federalreserve.gov/newsevents/pressreleases/orders20260515a.htm,Federal Reserve,Federal Reserve Board announces approval of application by the Stephen M. Calk 2025 Trust Federal Reserve Board announces approval of application by the Stephen M. Calk 2025 Trust
federal-reserve-press-releases-c00b8de0ca60,2026-05-15T20:30:00Z,government_policy,https://www.federalreserve.gov/newsevents/pressreleases/orders20260515b.htm,Federal Reserve,"Federal Reserve Board announces it does not object to the conversion of United Texas Bank, of Dallas, Texas, from a bank supervised by the Federal Reserve to a national bank supervised by the Office of the Comptroller of the Currency Federal Reserve Board announces it does not object to the conversion of United Texas Bank, of Dallas, Texas, from a bank supervised by the Federal Reserve to a national bank supervised by the Office of the Comptroller of the Currency"
federal-reserve-press-releases-4a48277c7585,2026-05-15T21:00:00Z,government_policy,https://www.federalreserve.gov/newsevents/pressreleases/other20260515a.htm,Federal Reserve,Federal Reserve Board names Jerome H. Powell as chair pro tempore; Powell will serve as chair pro tempore until Kevin M. Warsh is sworn in as the new chair Federal Reserve Board names Jerome H. Powell as chair pro tempore; Powell will serve as chair pro tempore until Kevin M. Warsh is sworn in as the new chair
sec-press-releases-d09175e9c780,2026-05-18T16:33:00Z,regulatory_action,https://www.sec.gov/newsroom/press-releases/2026-45-sec-rescinds-policy-regarding-denials-settlements-enforcement-actions,SEC,"SEC Rescinds Policy Regarding Denials of Settlements in Enforcement Actions The Securities and Exchange Commission today rescinded a policy, codified in Rule 202.5(e) of its informal rules of procedures, stating that when it chooses to settle an enforcement action in which a sanction is imposed, it will not settle unless the…"
sec-speeches-statements-df78c91812a1,2026-05-18T20:36:29Z,regulatory_action,https://www.sec.gov/newsroom/speeches-statements/peirce-statement-settlements-enforcement-actions-051826,SEC,Somewhere Between Cacophony and Euphony Commissioner Hester M. Peirce
sec-speeches-statements-e939292a6e89,2026-05-19T13:03:02Z,regulatory_action,https://www.sec.gov/newsroom/speeches-statements/atkins-statement-on-proposing-releases-for-enhancement-of-emerging-growth-company-accommodations-and-simplification-of-filer-status-for-reporting-companies-and-registered-offering-reform-051926,SEC,"Statement on Proposing Releases for Enhancement of Emerging Growth Company Accommodations and Simplification of Filer Status for Reporting Companies, and Registered Offering Reform SEC Chairman Paul S. Atkins"
sec-speeches-statements-07b1fa4feae5,2026-05-19T13:23:28Z,regulatory_action,https://www.sec.gov/newsroom/speeches-statements/peirce-statement-proposing-releases-ror-051926,SEC,Headache Medicine: Statement on Proposing Releases for Registered Offering Reform and Enhancement of Emerging Growth Company Accommodations and Simplification of Filer Status for Reporting Companies Commissioner Hester M. Peirce
sec-press-releases-02197343ace8,2026-05-19T14:55:00Z,regulatory_action,https://www.sec.gov/newsroom/press-releases/2026-46-sec-proposes-transformative-reforms-help-public-companies-conduct-registered-offerings-simplify,SEC,"SEC Proposes Transformative Reforms to Help Public Companies Conduct Registered Offerings and Simplify Reporting Requirements The Securities and Exchange Commission today proposed amendments to its rules and forms governing registered offerings that are designed to increase efficiency, flexibility, and cost savings for public companies while maintaining robust investor…"
sec-speeches-statements-5d2dff0b1dfe,2026-05-19T20:52:06Z,regulatory_action,https://www.sec.gov/newsroom/speeches-statements/uyeda-statement-proposing-registered-offering-reform-and-enhancement-of-emerging-growth-company-accommodations-and-simplification-of-filer-status-for-reporting-companies-051926,SEC,Statement on Proposing Registered Offering Reform and Enhancement of Emerging Growth Company Accommodations and Simplification of Filer Status for Reporting Companies Commissioner Mark T. Uyeda
whitehouse-presidential-actions-8cb7c042df42,2026-05-19T21:44:38Z,official_remarks,https://www.whitehouse.gov/presidential-actions/2026/05/integrating-financial-technology-innovation-into-regulatory-frameworks/,White House,"Integrating Financial Technology Innovation into Regulatory Frameworks By the authority vested in me as President by the Constitution and the laws of the United States of America, it is hereby ordered: Section 1. Policy. The United States is a global leader in financial innovation, driven in part by the rapid growth of financial technology (fintech) firms. These firms provide innovative services and […] The post Integrating Financial Technology Innovation into Regulatory Frameworks appeared first on The White House ."
whitehouse-presidential-actions-369bed62cc27,2026-05-19T21:48:08Z,official_remarks,https://www.whitehouse.gov/presidential-actions/2026/05/restoring-integrity-to-americas-financial-system/,White House,"Restoring Integrity to America’s Financial System By the authority vested in me as President by the Constitution and the laws of the United States of America, it is hereby ordered:  Section 1. Purpose. America’s financial institutions serve a critical role in safeguarding the American people against financial fraud and abuse. My Administration has taken significant steps to lower the costs of […] The post Restoring Integrity to America’s Financial System appeared first on The White House ."
whitehouse-presidential-actions-bc7c70c94229,2026-05-19T22:06:08Z,official_remarks,https://www.whitehouse.gov/presidential-actions/2026/05/to-implement-certain-provisions-in-the-consolidated-appropriations-act-2026-and-for-other-purposes/,White House,"To Implement Certain Provisions in the Consolidated Appropriations Act, 2026, and for Other Purposes BY THE PRESIDENT OF THE UNITED STATES OF AMERICA A PROCLAMATION 1.  Section 5019(a)(1)(A) of the Consolidated Appropriations Act, 2026 (Public Law 119-75), amended section 506B of the Trade Act of 1974 (the “Trade Act”) (19 U.S.C. 2466b), as amended, and section 5019(a)(1)(B)(i) of the Consolidated Appropriations Act, 2026, amended section 112(g) of the African […] The post To Implement Certain Provisions in the Consolidated Appropriations Act, 2026, and for Other Purposes appeared first on The White House ."
federal-reserve-speeches-testimony-babf23622911,2026-05-20T13:15:00Z,official_remarks,https://www.federalreserve.gov/newsevents/speech/barr20260520a.htm,Federal Reserve,"Barr, Measuring Financial Health Speech At EMERGE Financial Health 2026 Scaling Progress, Shaping the Future, Atlanta, Georgia"
sec-speeches-statements-d7fea2458c0f,2026-05-20T17:31:31Z,regulatory_action,https://www.sec.gov/newsroom/speeches-statements/atkins-statement-novel-exchange-traded-funds-052026,SEC,Statement on Novel Exchange-Traded Funds (ETFs) Chairman Paul S. Atkins
federal-reserve-press-releases-44abf0364667,2026-05-20T18:00:00Z,government_policy,https://www.federalreserve.gov/newsevents/pressreleases/monetary20260520a.htm,Federal Reserve,"Minutes of the Federal Open Market Committee, April 28-29, 2026 Minutes of the Federal Open Market Committee, April 28-29, 2026"
federal-reserve-press-releases-7e1045838f5c,2026-05-20T20:00:00Z,government_policy,https://www.federalreserve.gov/newsevents/pressreleases/other20260520a.htm,Federal Reserve,"Federal Reserve Board requests public comment on a proposal to establish a ""payment account,"" which legally eligible financial institutions could use for the specific purpose of clearing and settling their payments Federal Reserve Board requests public comment on a proposal to establish a ""payment account,"" which legally eligible financial institutions could use for the specific purpose of clearing and settling their payments"
whitehouse-presidential-actions-b041b9a84b26,2026-05-20T20:07:10Z,official_remarks,https://www.whitehouse.gov/presidential-actions/2026/05/nominations-sent-to-the-senate-22d2/,White House,"Nominations Sent to the Senate NOMINATIONS SENT TO THE SENATE: Charles Baldis, of Virginia, to be Special Counsel, Office of Special Counsel, for the term of five years. Jules Hurst III, of Virginia, to be Under Secretary of Defense (Comptroller). The post Nominations Sent to the Senate appeared first on The White House ."
sec-press-releases-01ebfbb6ccde,2026-05-21T12:51:10Z,regulatory_action,https://www.sec.gov/newsroom/press-releases/2026-47-sec-nfa-announce-memorandum-understanding-further-harmonize-regulatory-coordination,SEC,"SEC and NFA Announce Memorandum of Understanding to Further Harmonize Regulatory Coordination The Securities and Exchange Commission and National Futures Association (NFA) today announced that they have entered into a Memorandum of Understanding (MOU) to enhance their cooperation, coordination, and information sharing in areas of common…"
federal-reserve-press-releases-dfc1f0a8044e,2026-05-21T15:00:00Z,government_policy,https://www.federalreserve.gov/newsevents/pressreleases/enforcement20260521a.htm,Federal Reserve,Federal Reserve Board issues enforcement action with former employee of Commerce Bank Federal Reserve Board issues enforcement action with former employee of Commerce Bank
federal-reserve-speeches-testimony-e35db4942d81,2026-05-22T14:00:00Z,official_remarks,https://www.federalreserve.gov/newsevents/speech/waller20260522a.htm,Federal Reserve,"Waller, Policy Risks Have Changed Speech At The Centre for Central Banking Guest Lecture, Frankfurt School of Finance and Management, Frankfurt, Germany"
federal-reserve-press-releases-370b0fc59088,2026-05-22T20:00:00Z,government_policy,https://www.federalreserve.gov/newsevents/pressreleases/bcreg20260522a.htm,Federal Reserve,Agencies publish resolution plan feedback letters for certain domestic and foreign banking organizations Agencies publish resolution plan feedback letters for certain domestic and foreign banking organizations
federal-reserve-press-releases-aa503eff0b23,2026-05-22T20:15:00Z,government_policy,https://www.federalreserve.gov/newsevents/pressreleases/other20260522a.htm,Federal Reserve,"Kevin Warsh takes oath of office as chairman and a member of the Board of Governors of the Federal Reserve System, and the Federal Open Market Committee unanimously selects Warsh as its chairman Kevin Warsh takes oath of office as chairman and a member of the Board of Governors of the Federal Reserve System, and the Federal Open Market Committee unanimously selects Warsh as its chairman"
whitehouse-presidential-actions-7c3b04652b69,2026-05-23T03:11:28Z,official_remarks,https://www.whitehouse.gov/presidential-actions/2026/05/memorial-day-2026/,White House,"Memorial Day, 2026 BY THE PRESIDENT OF THE UNITED STATES OF AMERICA A PROCLAMATION The greatest fighting force the world has ever known is built upon the extraordinary service of selfless men and women who safeguard our liberty and preserve our way of life.  Since the birth of our Nation nearly 250 years ago, countless souls have lost their lives in this […] The post Memorial Day, 2026 appeared first on The White House ."
federal-reserve-press-releases-ca9360833ed5,2026-05-26T18:00:00Z,government_policy,https://www.federalreserve.gov/newsevents/pressreleases/monetary20260526a.htm,Federal Reserve,"Minutes of the Board's discount rate meeting on April 20 and 29, 2026 Minutes of the Board's discount rate meeting on April 20 and 29, 2026"
sec-speeches-statements-fe177d53e80a,2026-05-26T22:45:19Z,regulatory_action,https://www.sec.gov/newsroom/speeches-statements/atkins-052626-remarks-stanford-rock-center-corporate-governance,SEC,Remarks at the Stanford Rock Center for Corporate Governance Chairman Paul S. Atkins
sec-speeches-statements-e8b144300ed6,2026-05-27T14:46:22Z,regulatory_action,https://www.sec.gov/newsroom/speeches-statements/selway-remarks-isg-conference-052726,SEC,"CAT on a Hot Tin Roof Jamie Selway, Director, Division of Trading and Markets"
sec-press-releases-a654b21490db,2026-05-27T14:59:13Z,regulatory_action,https://www.sec.gov/newsroom/press-releases/2026-48-sec-investor-advisory-committee-host-june-4-meeting,SEC,"SEC Investor Advisory Committee to Host June 4 Meeting The Securities and Exchange Commission’s Investor Advisory Committee will hold a public meeting at the SEC Headquarters in Washington D.C. on June 4 at 10 a.m. ET to discuss private markets, passive index funds, and recommendations regarding fund…"
federal-reserve-speeches-testimony-b8f5854a0a40,2026-05-27T19:55:00Z,official_remarks,https://www.federalreserve.gov/newsevents/speech/cook20260527a.htm,Federal Reserve,"Cook, The Opportunities and Risks AI Presents for the Economy and Financial System Speech At the Stanford Institute for Economic Policy Research, Stanford University, Stanford, California"
federal-reserve-speeches-testimony-f2dbf14ebd2d,2026-05-28T00:00:00Z,official_remarks,https://www.federalreserve.gov/newsevents/speech/jefferson20260527a.htm,Federal Reserve,"Jefferson, Global Economic Developments and the U.S. Economy Speech At the 2026 Bank of Japan-Institute for Monetary and Economic Studies Conference, Tokyo, Japan"
sec-speeches-statements-db4b5270cfbc,2026-05-28T00:06:11Z,regulatory_action,https://www.sec.gov/newsroom/speeches-statements/peirce-remarks-regulatory-petshop-series-cryptographic-technologies-financial-services-regulation-privacy-petshops-052726,SEC,Privacy and PetShops: Remarks at the Regulatory PETshop Series: Cryptographic Technologies and Financial Services Regulation Commissioner Hester M. Peirce
federal-reserve-press-releases-0c3bf9fe0103,2026-05-28T15:00:00Z,government_policy,https://www.federalreserve.gov/newsevents/pressreleases/enforcement20260528a.htm,Federal Reserve,Federal Reserve Board issues enforcement actions with former employee of Atlantic Union Bank and former employee of Frost Bank Federal Reserve Board issues enforcement actions with former employee of Atlantic Union Bank and former employee of Frost Bank
federal-reserve-speeches-testimony-6dab77d89467,2026-05-29T13:10:00Z,official_remarks,https://www.federalreserve.gov/newsevents/speech/bowman20260529a.htm,Federal Reserve,"Bowman, A Framework for Practical Monetary Policy Decision Making Speech At the Reykjavík Economic Conference 2026, Central Bank of Iceland, Reykjavík, Iceland"
sec-speeches-statements-ec8e38dff624,2026-05-29T14:45:00Z,regulatory_action,https://www.sec.gov/newsroom/speeches-statements/atkins-statement-rescission-climate-related-disclosure-rules-052926,SEC,Statement on Proposing Release for Rescission of Climate-Related Disclosure Rules SEC Chairman Paul S. Atkins
sec-press-releases-32fa49047cc7,2026-05-29T14:50:00Z,regulatory_action,https://www.sec.gov/newsroom/press-releases/2026-49-sec-proposes-rescission-climate-related-disclosure-rules,SEC,SEC Proposes Rescission of Climate-Related Disclosure Rules The Securities and Exchange Commission today proposed the rescission of overly burdensome and costly rules that require companies to provide certain climate-related information in their registration statements and annual reports. The Commission’s…
sec-speeches-statements-cd01b1bcf353,2026-05-29T15:02:00Z,regulatory_action,https://www.sec.gov/newsroom/speeches-statements/atkins-keynote-remarks-2026-reagan-national-economic-forum,SEC,Keynote Remarks at the 2026 Reagan National Economic Forum SEC Chairman Paul S. Atkins
sec-speeches-statements-af5579c3f295,2026-05-29T15:16:18Z,regulatory_action,https://www.sec.gov/newsroom/speeches-statements/uyeda-statement-rescission-climate-related-disclosure-rules-052926,SEC,Statement of Commissioner Mark T. Uyeda on the Rescission of Climate-Related Disclosure Rules Commissioner Mark T. Uyeda
sec-speeches-statements-f449b7440176,2026-05-29T16:08:22Z,regulatory_action,https://www.sec.gov/newsroom/speeches-statements/peirce-climate-change-statement-proposed-rescission-climate-related-disclosure-rules-052926,SEC,Climate Change: Statement on Proposed Rescission of Climate-Related Disclosure Rules Commissioner Hester M. Peirce
whitehouse-presidential-actions-3201c5ec5928,2026-05-29T21:48:41Z,official_remarks,https://www.whitehouse.gov/presidential-actions/2026/05/removing-unnecessary-and-counterproductive-restrictions-on-access-to-federal-lands/,White House,"Removing Unnecessary and Counterproductive Restrictions on Access to Federal Lands By the authority vested in me as President by the Constitution and the laws of the United States of America, it is hereby ordered: Section 1. Purpose. My Administration has eliminated a record number of unnecessary regulations to further our Nation’s prosperity and reduce regulatory burdens on industries critical to our national and economic security […] The post Removing Unnecessary and Counterproductive Restrictions on Access to Federal Lands appeared first on The White House ."
whitehouse-presidential-actions-738e762bfc49,2026-05-29T21:50:13Z,official_remarks,https://www.whitehouse.gov/presidential-actions/2026/05/approving-critical-position-pay-authority-for-national-security-investment-workforce/,White House,"Approving Critical Position Pay Authority for National Security Investment Workforce MEMORANDUM FOR THE DIRECTOR OF THE OFFICE OF PERSONNEL MANAGEMENT SUBJECT: Approving Critical Position Pay Authority for National Security Investment Workforce Pursuant to the authority vested in me under 5 U.S.C. 5377(d)(2) and 5 C.F.R. 535.103(a)(3) and 535.104(c), I hereby approve the use of critical position pay for up to 400 positions supporting investment […] The post Approving Critical Position Pay Authority for National Security Investment Workforce appeared first on The White House ."
whitehouse-presidential-actions-3a8a183bc0b9,2026-05-29T22:03:02Z,official_remarks,https://www.whitehouse.gov/presidential-actions/2026/05/realigning-united-states-core-childhood-vaccine-recommendations-with-best-practices-from-peer-developed-countries/,White House,"Realigning United States Core Childhood Vaccine Recommendations with Best Practices from Peer, Developed Countries By the authority vested in me as President by the Constitution and the laws of the United States of America, it is hereby ordered: Section 1. Purpose and Policy. Pursuant to the Presidential Memorandum of December 5, 2025 (Aligning United States Core Childhood Vaccine Recommendations with Best Practices from Peer, Developed Countries) (Memorandum), the Department of […] The post Realigning United States Core Childhood Vaccine Recommendations with Best Practices from Peer, Developed Countries appeared first on The White House ."
